,Date,Bikes,PRCP,SNOW,TMAX,TMIN,TAVG,AWND,Day,Unnamed: 9,Unnamed: 10
0,01/01/2015,2611,0.0,0.0,8.3,-2.7,1.7,3.7,3,,
1,02/01/2015,5155,0.0,0.0,9.4,1.7,5.3,1.3,4,,
2,03/01/2015,1718,12.7,0.0,5.6,1.1,4.0,1.5,5,,
3,04/01/2015,3711,5.1,0.0,19.4,5.6,3.3800000000000003,5.6,6,,
4,05/01/2015,5262,0.0,0.0,11.1,-1.6,7.8,6.4,0,,
5,06/01/2015,2086,5.1,61.0,0.0,-4.3,-1.9,2.2,1,,
6,07/01/2015,3063,0.0,0.0,-1.0,-9.3,-3.0,6.8,2,,
7,08/01/2015,2976,0.0,0.0,-3.2,-11.0,-8.2,5.1,3,,
8,09/01/2015,4237,0.0,0.0,5.6,-3.2,-0.6,5.5,4,,
9,10/01/2015,2694,0.0,0.0,-1.0,-7.1,-3.2,3.5,5,,
10,11/01/2015,3486,0.0,0.0,6.1,-6.0,-1.7,2.2,6,,
11,12/01/2015,2168,19.1,0.0,6.1,1.7,2.9,1.8,0,,
12,13/01/2015,5520,0.0,0.0,5.6,-1.6,3.1,5.4,1,,
13,14/01/2015,4598,0.0,5.0,0.6,-3.2,-1.2,3.6,2,,
14,15/01/2015,5812,0.0,0.0,5.6,0.0,1.5,2.6,3,,
15,16/01/2015,5729,0.0,0.0,8.9,-2.7,2.7,4.3,4,,
16,17/01/2015,4265,0.0,0.0,4.4,-2.1,1.5,4.0,5,,
17,18/01/2015,2548,15.2,0.0,7.2,1.1,3.2,2.2,6,,
18,19/01/2015,4687,0.0,0.0,10.0,0.6,6.6,2.8,0,,
19,20/01/2015,6316,0.0,0.0,10.0,-0.5,3.7,0.9,1,,
20,21/01/2015,5402,2.0,10.0,3.9,1.1,2.7,2.0,2,,
21,22/01/2015,6424,0.0,0.0,9.4,2.2,4.3,3.7,3,,
22,23/01/2015,4774,16.5,0.0,6.1,-0.5,3.4,2.3,4,,
23,24/01/2015,3504,12.2,0.0,7.2,2.8,3.8,4.3,5,,
24,25/01/2015,5210,0.0,0.0,11.1,2.2,6.4,2.7,6,,
25,26/01/2015,2448,5.3,13.0,7.8,-1.6,4.6,5.9,0,,
26,27/01/2015,4102,0.3,3.0,2.8,-1.0,0.2,6.6,1,,
27,28/01/2015,5131,0.0,0.0,3.9,-4.3,-0.6,6.0,2,,
28,29/01/2015,4679,1.3,0.0,4.4,-3.2,0.1,2.6,3,,
29,30/01/2015,4905,0.0,0.0,6.1,-4.9,4.0,6.9,4,,
30,31/01/2015,3371,0.0,0.0,2.2,-6.6,-2.9,4.3,5,,
31,01/02/2015,3621,1.0,0.0,6.7,-2.7,0.8,1.8,6,,
32,02/02/2015,3911,2.3,0.0,10.0,-2.7,4.6,5.5,0,,
33,03/02/2015,5162,0.0,0.0,3.9,-3.8,-1.4,4.2,1,,
34,04/02/2015,6138,0.0,0.0,12.8,-1.6,2.9,3.9,2,,
35,05/02/2015,5076,0.0,0.0,6.7,-6.0,3.7,7.5,3,,
36,06/02/2015,5006,0.0,0.0,3.3,-8.2,-3.6,3.2,4,,
37,07/02/2015,5036,0.0,0.0,10.0,-3.2,2.3,1.7,5,,
38,08/02/2015,6829,0.0,0.0,20.0,1.7,6.9,2.1,6,,
39,09/02/2015,5017,1.8,0.0,7.2,1.1,5.3,4.7,0,,
40,10/02/2015,5768,0.5,0.0,4.4,0.6,2.0,6.8,1,,
41,11/02/2015,6708,0.0,0.0,8.3,-1.6,2.4,3.4,2,,
42,12/02/2015,5509,0.0,0.0,6.7,-6.6,2.9,5.9,3,,
43,13/02/2015,4078,0.0,0.0,-1.0,-9.3,-5.1,5.8,4,,
44,14/02/2015,3004,0.0,3.0,7.2,-7.7,-0.7,6.0,5,,
45,15/02/2015,1055,0.0,0.0,-5.5,-11.6,-7.3,9.8,6,,
46,16/02/2015,1335,7.4,74.0,-6.6,-12.1,-9.8,3.4,0,,
47,17/02/2015,1198,5.8,46.0,-0.5,-8.2,-6.3,2.6,1,,
48,18/02/2015,3183,0.0,3.0,1.1,-10.5,-4.2,3.5,2,,
49,19/02/2015,2720,0.0,3.0,-6.0,-11.6,-7.0,7.3,3,,
50,20/02/2015,2517,0.0,0.0,-5.5,-14.9,-10.6,3.9,4,,
51,21/02/2015,758,17.8,66.0,1.7,-9.9,-6.8,4.4,5,,
52,22/02/2015,2021,2.5,0.0,10.0,1.7,3.7,1.5,6,,
53,23/02/2015,3655,0.0,0.0,5.0,-7.1,2.1,6.6,0,,
54,24/02/2015,3921,0.0,0.0,-1.0,-9.9,-5.8,3.8,1,,
55,25/02/2015,5016,0.0,0.0,5.6,-6.0,-1.4,1.9,2,,
56,26/02/2015,3531,3.6,56.0,3.9,-0.5,1.9,3.1,3,,
57,27/02/2015,4699,0.0,0.0,1.7,-3.8,0.7,4.6,4,,
58,28/02/2015,3294,0.0,0.0,0.6,-6.6,-3.2,2.3,5,,
59,01/03/2015,802,13.0,3.0,1.1,-4.3,-1.9,2.5,6,,
60,02/03/2015,4118,0.0,0.0,7.8,0.6,3.2,4.2,0,,
61,03/03/2015,3884,1.0,0.0,5.0,-0.5,1.0,4.1,1,,
62,04/03/2015,4187,8.6,0.0,10.6,3.9,5.7,2.6,2,,
63,05/03/2015,560,22.1,122.0,7.2,-4.9,3.5,5.7,3,,
64,06/03/2015,1987,0.0,0.0,-1.0,-9.3,-4.9,3.3,4,,
65,07/03/2015,3271,0.0,0.0,9.4,-7.1,-1.2,3.5,5,,
66,08/03/2015,5529,0.0,0.0,15.0,0.0,7.9,2.6,6,,
67,09/03/2015,8175,0.0,0.0,16.7,2.8,8.4,1.3,0,,
68,10/03/2015,4015,11.2,0.0,10.0,3.9,7.7,1.6,1,,
69,11/03/2015,7909,0.0,0.0,19.4,7.8,11.8,2.8,2,,
70,12/03/2015,9215,0.0,0.0,15.6,6.1,11.3,4.0,3,,
71,13/03/2015,8084,0.3,0.0,12.8,2.8,8.1,2.2,4,,
72,14/03/2015,3669,15.2,0.0,15.6,7.2,9.7,3.6,5,,
73,15/03/2015,6668,0.0,0.0,14.4,6.7,11.7,5.7,6,,
74,16/03/2015,9022,0.0,0.0,20.6,3.3,9.8,1.6,0,,
75,17/03/2015,9246,0.0,0.0,22.8,4.4,14.0,6.5,1,,
76,18/03/2015,7527,0.0,0.0,11.7,2.2,6.6,4.7,2,,
77,19/03/2015,8202,0.0,0.0,11.7,3.9,7.8,1.9,3,,
78,20/03/2015,2956,12.4,0.0,7.8,2.2,4.7,3.8,4,,
79,21/03/2015,9436,0.0,0.0,16.1,1.7,6.7,2.7,5,,
80,22/03/2015,8233,0.0,0.0,13.3,7.2,10.8,5.1,6,,
81,23/03/2015,8134,0.0,0.0,10.6,3.12,6.8,3.6,0,,
82,24/03/2015,7875,0.0,0.0,8.3,2.8,6.0,2.6,1,,
83,25/03/2015,7553,0.0,0.0,12.2,1.7,5.8,2.1,2,,
84,26/03/2015,8778,8.9,0.0,25.0,9.4,13.9,4.7,3,,
85,27/03/2015,6141,9.1,0.0,11.1,5.0,10.7,5.2,4,,
86,28/03/2015,4676,0.0,0.0,5.6,-0.5,3.7,7.1,5,,
87,29/03/2015,5861,0.0,0.0,9.4,-2.1,2.1,4.4,6,,
88,30/03/2015,9196,0.5,0.0,18.9,5.6,10.4,5.0,0,,
89,31/03/2015,8198,0.3,0.0,22.8,6.1,14.0,6.3,1,,
90,01/04/2015,9874,0.0,0.0,16.1,4.4,10.1,3.8,2,,
91,02/04/2015,11273,0.0,0.0,23.3,5.6,13.4,7.0,3,,
92,03/04/2015,6425,4.8,0.0,22.8,16.1,19.2,5.5,4,,
93,04/04/2015,10433,1.3,0.0,20.0,7.2,16.3,6.2,5,,
94,05/04/2015,10181,0.0,0.0,20.6,4.4,12.6,4.9,6,,
95,06/04/2015,12638,0.0,0.0,25.0,8.9,16.3,4.8,0,,
96,07/04/2015,11109,4.3,0.0,22.8,11.7,18.9,3.6,1,,
97,08/04/2015,7437,3.3,0.0,11.7,7.2,11.8,5.0,2,,
98,09/04/2015,7826,1.0,0.0,10.0,7.2,8.3,3.7,3,,
99,10/04/2015,9393,0.3,0.0,20.0,7.2,10.3,3.1,4,,
100,11/04/2015,16726,0.0,0.0,20.0,10.6,17.1,4.9,5,,
101,12/04/2015,15724,0.0,0.0,21.1,6.1,14.6,2.2,6,,
102,13/04/2015,12676,0.0,0.0,26.7,11.1,17.6,5.4,0,,
103,14/04/2015,3824,16.3,0.0,19.4,12.2,17.4,3.4,1,,
104,15/04/2015,11119,0.0,0.0,20.0,11.1,15.2,3.1,2,,
105,16/04/2015,11687,1.0,0.0,23.3,11.1,16.9,2.8,3,,
106,17/04/2015,12546,0.8,0.0,26.1,15.0,19.2,2.6,4,,
107,18/04/2015,16004,0.0,0.0,128.9,16.1,21.9,1.7,5,,
108,19/04/2015,10250,9.4,0.0,20.6,12.8,19.0,6.0,6,,
109,20/04/2015,9066,19.6,0.0,27.8,13.9,19.5,5.2,0,,
110,21/04/2015,11630,4.1,0.0,21.7,12.2,18.3,5.1,1,,
111,22/04/2015,10540,0.0,0.0,23.3,10.6,15.8,5.3,2,,
112,23/04/2015,10106,0.0,0.0,15.6,7.2,12.0,5.5,3,,
113,24/04/2015,10370,0.0,0.0,17.2,3.9,10.3,5.7,4,,
114,25/04/2015,7177,6.9,0.0,11.7,7.2,10.6,2.8,5,,
115,26/04/2015,10327,0.0,0.0,19.4,7.2,11.6,2.1,6,,
116,27/04/2015,8864,0.0,0.0,16.7,8.3,13.3,5.5,0,,
117,28/04/2015,10995,0.0,0.0,22.2,8.9,14.6,5.2,1,,
118,29/04/2015,11652,0.0,0.0,25.6,11.1,18.6,1.8,2,,
119,30/04/2015,10255,13.7,0.0,23.3,13.3,18.3,2.9,3,,
120,01/05/2015,10351,2.8,0.0,17.8,12.2,15.1,3.2,4,,
121,02/05/2015,12570,0.0,0.0,25.6,10.6,16.7,2.2,5,,
122,03/05/2015,12098,0.0,0.0,28.9,13.3,20.3,2.1,6,,
123,04/05/2015,11987,0.0,0.0,28.9,13.3,21.4,4.3,0,,
124,05/05/2015,11093,1.3,0.0,30.0,17.8,22.9,3.1,1,,
125,06/05/2015,11483,0.0,0.0,28.3,17.8,22.3,2.4,2,,
126,07/05/2015,12316,0.0,0.0,27.2,16.7,21.9,2.5,3,,
127,08/05/2015,13427,0.0,0.0,28.9,17.8,22.9,2.1,4,,
128,09/05/2015,112841,0.0,0.0,28.3,18.3,22.6,2.9,5,,
129,10/05/2015,11089,0.0,0.0,29.4,20.6,24.6,3.0,6,,
130,11/05/2015,12133,0.0,0.0,28.3,21.7,24.4,2.2,0,,
131,12/05/2015,12056,0.0,0.0,32.2,21.7,26.0,4.7,1,,
132,13/05/2015,11774,0.0,0.0,22.2,13.3,20.7,7.0,2,,
133,14/05/2015,12615,0.0,0.0,22.8,11.7,16.6,3.2,3,,
134,15/05/2015,13641,0.0,0.0,25.6,14.4,19.1,4.5,4,,
135,16/05/2015,11196,16.8,0.0,31.1,19.4,23.4,3.5,5,,
136,17/05/2015,10933,0.0,0.0,30.6,21.1,24.3,2.0,6,,
137,18/05/2015,10442,19.3,0.0,33.3,22.2,27.2,2.2,0,,
138,19/05/2015,12063,0.0,0.0,32.2,22.2,26.6,2.7,1,,
139,20/05/2015,12981,0.0,0.0,23.9,16.7,22.2,6.6,2,,
140,21/05/2015,6981,8.4,0.0,17.2,11.7,15.3,3.2,3,,
141,22/05/2015,12522,0.0,0.0,26.1,11.1,17.2,4.7,4,,
142,23/05/2015,12706,0.0,0.0,23.9,12.2,19.1,3.5,5,,
143,24/05/2015,13564,0.0,0.0,27.8,13.9,20.4,3.6,6,,
144,25/05/2015,11990,0.0,0.0,29.4,19.4,24.4,5.2,0,,
145,26/05/2015,11351,0.0,0.0,31.1,20.6,25.3,4.9,1,,
146,27/05/2015,11470,0.3,0.0,32.2,23.9,26.5,3.9,2,,
147,28/05/2015,11625,0.0,0.0,33.3,22.8,26.9,2.8,3,,
148,29/05/2015,12058,0.0,0.0,30.6,23.3,25.9,3.4,4,,
149,30/05/2015,12657,0.0,0.0,32.2,22.2,26.7,4.9,5,,
150,31/05/2015,10917,0.0,0.0,33.3,23.3,27.3,5.3,6,,
151,01/06/2015,8101,63.2,0.0,33.3,21.7,27.2,3.7,0,,
152,02/06/2015,8054,11.7,0.0,22.2,15.6,20.0,4.8,1,,
153,03/06/2015,9879,0.3,0.0,17.8,15.0,16.2,4.7,2,,
154,04/06/2015,6356,9.4,0.0,18.3,15.0,16.8,4.3,3,,
155,05/06/2015,11075,0.8,0.0,23.9,15.6,18.2,2.2,4,,
156,06/06/2015,12665,0.0,0.0,29.4,18.3,22.9,4.0,5,,
157,07/06/2015,11661,0.0,0.0,26.1,19.4,23.2,4.1,6,,
158,08/06/2015,9959,16.5,0.0,31.1,18.3,23.6,5.7,0,,
159,09/06/2015,11764,0.0,0.0,31.7,22.2,25.9,5.2,1,,
160,10/06/2015,11586,0.0,0.0,28.9,20.0,25.6,3.2,2,,
161,11/06/2015,11844,0.0,0.0,33.9,21.7,26.8,3.5,3,,
162,12/06/2015,10867,0.5,0.0,34.4,25.0,29.3,4.3,4,,
163,13/06/2015,11754,0.0,0.0,33.3,23.9,28.3,2.7,5,,
164,14/06/2015,9490,13.2,0.0,33.9,25.6,29.5,2.2,6,,
165,15/06/2015,9975,2.0,0.0,33.9,25.6,28.6,2.7,0,,
166,16/06/2015,11492,0.0,0.0,35.6,25.0,29.8,4.1,1,,
167,17/06/2015,11173,4.6,0.0,28.9,23.3,26.8,2.2,2,,
168,18/06/2015,9990,13.5,0.0,32.8,22.2,25.8,2.8,3,,
169,19/06/2015,12019,3.0,0.0,31.7,22.8,26.9,3.1,4,,
170,20/06/2015,9305,60.2,0.0,33.3,23.3,27.9,2.9,5,,
171,21/06/2015,8775,0.8,0.0,34.4,24.4,28.2,4.1,6,,
172,22/06/2015,11258,0.0,0.0,34.4,25.6,30.4,3.4,0,,
173,23/06/2015,9184,21.3,0.0,35.6,23.9,30.3,4.7,1,,
174,24/06/2015,12581,0.0,0.0,30.0,21.1,25.5,3.8,2,,
175,25/06/2015,11119,12.2,0.0,30.6,21.1,26.4,2.6,3,,
176,26/06/2015,13027,0.0,0.0,28.3,20.6,24.4,2.6,4,,
177,27/06/2015,3301,69.9,0.0,25.6,20.6,23.2,4.7,5,,
178,28/06/2015,11601,0.0,0.0,27.8,19.4,23.1,3.8,6,,
179,29/06/2015,12191,0.0,0.0,28.9,17.2,23.6,3.4,0,,
180,30/06/2015,11970,0.3,0.0,31.7,21.7,25.8,4.0,1,,
181,01/07/2015,11223,33.0,0.0,31.1,20.6,25.7,3.1,2,,
182,02/07/2015,11257,0.5,0.0,25.0,20.0,23.9,1.9,3,,
183,03/07/2015,12791,0.8,0.0,28.3,18.9,23.6,1.7,4,,
184,04/07/2015,10288,21.6,0.0,29.4,22.2,24.2,1.4,5,,
185,05/07/2015,12199,0.0,0.0,30.6,21.7,25.1,1.7,6,,
186,06/07/2015,10902,0.5,0.0,31.7,24.4,27.2,3.2,0,,
187,07/07/2015,12223,0.0,0.0,32.8,23.9,27.6,3.7,1,,
188,08/07/2015,9495,28.4,0.0,33.3,25.6,28.1,3.6,2,,
189,09/07/2015,11045,0.8,0.0,33.3,25.6,28.4,3.3,3,,
190,10/07/2015,13013,0.0,0.0,31.1,25.0,28.4,4.3,4,,
191,11/07/2015,12420,2.3,0.0,31.1,23.9,27.2,2.2,5,,
192,12/07/2015,11711,0.0,0.0,31.1,21.1,26.6,2.0,6,,
193,13/07/2015,10224,0.8,0.0,27.8,23.3,25.7,2.0,0,,
194,14/07/2015,11591,0.0,0.0,31.7,24.4,27.1,3.2,1,,
195,15/07/2015,12088,0.3,0.0,31.1,22.2,27.3,4.8,2,,
196,16/07/2015,13257,0.0,0.0,30.6,18.9,24.6,3.0,3,,
197,17/07/2015,12627,0.0,0.0,29.4,21.7,25.1,3.7,4,,
198,18/07/2015,11096,1.0,0.0,31.1,25.0,27.3,3.5,5,,
199,19/07/2015,10148,0.0,0.0,36.7,26.1,30.0,2.6,6,,
200,20/07/2015,10856,0.0,0.0,36.1,27.8,31.6,3.1,0,,
201,21/07/2015,11811,0.0,0.0,33.3,26.1,30.9,3.0,1,,
202,22/07/2015,12934,0.0,0.0,31.7,22.2,27.6,4.2,2,,
203,23/07/2015,12992,0.0,0.0,31.1,21.7,26.7,2.9,3,,
204,24/07/2015,13339,0.0,0.0,32.2,20.6,26.9,3.0,4,,
205,25/07/2015,12902,0.0,0.0,32.2,22.2,27.3,3.3,5,,
206,26/07/2015,11314,0.0,0.0,32.8,23.3,27.9,5.1,6,,
207,27/07/2015,10919,23.9,0.0,32.2,22.8,27.7,2.6,0,,
208,28/07/2015,11976,0.0,0.0,34.4,25.0,28.6,1.9,1,,
209,29/07/2015,12170,0.0,0.0,33.3,25.6,28.6,3.8,2,,
210,30/07/2015,10808,13.5,0.0,33.3,25.6,28.6,3.6,3,,
211,31/07/2015,12396,0.0,0.0,33.3,23.3,28.7,3.5,4,,
212,01/08/2015,12043,0.0,0.0,33.3,23.3,28.4,3.1,5,,
213,02/08/2015,11447,0.0,0.0,32.8,22.8,27.9,2.9,6,,
214,03/08/2015,12085,0.0,0.0,33.9,22.2,27.7,4.3,0,,
215,04/08/2015,11626,1.0,0.0,35.6,24.4,29.9,3.3,1,,
216,05/08/2015,12501,0.0,0.0,33.9,23.9,28.6,2.8,2,,
217,06/08/2015,12617,0.0,0.0,29.4,23.9,27.2,3.4,3,,
218,07/08/2015,12181,1.3,0.0,28.3,21.1,24.8,3.8,4,,
219,08/08/2015,12970,0.0,0.0,31.1,23.3,26.7,3.7,5,,
220,09/08/2015,11651,0.0,0.0,31.7,22.2,26.4,3.3,6,,
221,10/08/2015,10494,3.8,0.0,26.1,22.2,24.6,4.7,0,,
222,11/08/2015,11342,8.6,0.0,32.2,22.8,25.9,-4.1,1,,
223,12/08/2015,12485,0.0,0.0,29.4,21.1,25.9,4.7,2,,
224,13/08/2015,12435,2.4799999999999995,0.0,29.4,20.0,24.8,2.9,3,,
225,14/08/2015,12549,0.0,0.0,31.1,17.8,24.4,2.0,4,,
226,15/08/2015,12082,0.0,0.0,32.2,20.0,25.3,3.4,5,,
227,16/08/2015,10192,0.0,0.0,34.4,20.6,26.1,3.1,6,,
228,17/08/2015,10971,0.0,0.0,35.6,22.2,27.7,3.6,0,,
229,18/08/2015,11595,0.0,0.0,32.2,23.3,27.4,2.9,1,,
230,19/08/2015,11966,0.0,0.0,32.8,25.0,27.6,4.3,2,,
231,20/08/2015,10192,4.3,0.0,30.0,23.3,26.9,3.5,3,,
232,21/08/2015,12902,0.0,0.0,30.0,21.7,25.3,4.1,4,,
233,22/08/2015,12339,0.0,0.0,30.0,18.3,24.4,2.7,5,,
234,23/08/2015,10981,0.0,0.0,29.4,17.8,23.9,2.3,6,,
235,24/08/2015,10283,10.4,0.0,32.8,21.7,26.1,3.2,0,,
236,25/08/2015,12672,0.0,0.0,29.4,20.6,24.9,3.7,1,,
237,26/08/2015,12330,0.0,0.0,27.8,19.4,23.3,3.5,2,,
238,27/08/2015,12406,0.0,0.0,27.8,17.2,22.6,3.0,3,,
239,28/08/2015,12210,0.0,0.0,28.3,18.3,23.4,1.8,4,,
240,29/08/2015,11526,0.0,0.0,31.7,19.4,25.1,4.3,5,,
241,30/08/2015,10188,0.0,0.0,30.6,20.6,24.8,3.4,6,,
242,31/08/2015,11052,0.0,0.0,31.1,23.3,26.8,3.6,0,,
243,01/09/2015,11522,0.0,0.0,35.0,21.7,27.6,1.9,1,,
244,02/09/2015,11378,0.0,0.0,34.4,23.9,28.4,2.2,2,,
245,03/09/2015,11131,0.0,0.0,35.6,23.3,27.9,2.2,3,,
246,04/09/2015,11050,0.0,0.0,33.3,23.9,28.0,3.3,4,,
247,05/09/2015,10867,0.0,0.0,30.0,22.8,26.2,3.6,5,,
248,06/09/2015,12400,0.0,0.0,30.6,20.0,24.9,2.1,6,,
249,07/09/2015,10351,0.0,0.0,32.2,20.6,25.9,2.7,0,,
250,08/09/2015,10965,0.0,0.0,33.3,22.2,27.6,3.9,1,,
251,09/09/2015,11065,0.0,0.0,34.4,23.9,28.3,3.8,2,,
252,10/09/2015,10356,2.8,0.0,28.9,21.1,25.7,4.3,3,,
253,11/09/2015,12167,0.0,0.0,30.6,18.3,23.6,3.2,4,,
254,12/09/2015,6665,4.1,0.0,23.9,19.4,22.4,2.6,5,,
255,13/09/2015,10397,0.0,0.0,23.3,15.6,20.5,4.8,6,,
256,14/09/2015,11156,0.0,0.0,26.7,12.8,19.3,3.8,0,,
257,15/09/2015,11943,0.0,0.0,28.9,15.6,21.7,1.7,1,,
258,16/09/2015,11938,0.0,0.0,30.0,15.6,23.1,1.6,2,,
259,17/09/2015,11949,0.0,0.0,30.0,17.2,23.3,2.3,3,,
260,18/09/2015,11956,0.0,0.0,30.6,18.3,23.6,2.7,4,,
261,19/09/2015,11580,0.0,0.0,30.6,19.4,23.9,3.4,5,,
262,20/09/2015,10998,0.0,0.0,27.8,20.0,23.4,4.8,6,,
263,21/09/2015,7816,5.8,0.0,21.1,17.2,19.8,4.7,0,,
264,22/09/2015,11952,0.0,0.0,23.9,16.7,19.1,4.4,1,,
265,23/09/2015,12773,0.0,0.0,26.7,15.6,21.0,3.8,2,,
266,24/09/2015,12514,0.0,0.0,26.1,15.6,20.7,3.5,3,,
267,25/09/2015,11403,0.0,0.0,22.8,17.2,20.3,4.7,4,,
268,26/09/2015,11038,0.0,0.0,23.3,17.8,2000.1,5.9,5,,
269,27/09/2015,9979,0.0,0.0,23.9,16.7,19.5,4.8,6,,
270,28/09/2015,11305,0.0,0.0,28.3,19.4,22.7,2.6,0,,
271,29/09/2015,7240,41.9,0.0,26.7,21.7,23.9,3.1,1,,
272,30/09/2015,10184,0.0,0.0,25.6,17.2,23.1,5.1,2,,
273,01/10/2015,4799,19.8,0.0,17.2,13.9,15.6,6.4,3,,
274,02/10/2015,2079,24.4,0.0,14.4,10.0,12.6,8.0,4,,
275,03/10/2015,4050,4.8,0.0,14.4,10.0,11.6,7.7,5,,
276,04/10/2015,6624,0.0,0.0,15.0,12.2,13.9,6.8,6,,
277,05/10/2015,10445,0.0,0.0,20.6,11.1,14.8,3.5,0,,
278,06/10/2015,11551,0.0,0.0,25.0,10.0,16.6,1.8,1,,
279,07/10/2015,11734,0.0,0.0,25.6,14.4,18.8,1.4,2,,
280,08/10/2015,11711,0.0,0.0,25.6,13.9,18.9,1.7,3,,
281,09/10/2015,10501,10.2,0.0,26.1,16.7,20.3,3.6,4,,
282,10/10/2015,10269,0.0,0.0,18.9,10.6,16.9,3.6,5,,
283,11/10/2015,10491,0.0,0.0,21.7,8.3,14.3,1.6,6,,
284,12/10/2015,10495,0.0,0.0,23.9,10.0,16.0,2.6,0,,
285,13/10/2015,10803,0.0,0.0,25.6,15.0,18.7,3.0,1,,
286,14/10/2015,11406,0.0,0.0,21.7,12.8,17.5,3.1,2,,
287,15/10/2015,11506,0.0,0.0,20.0,11.7,15.8,3.8,3,,
288,16/10/2015,11263,0.0,0.0,19.4,10.6,14.8,4.1,4,,
289,17/10/2015,8782,0.0,0.0,15.6,6.7,12.1,4.4,5,,
290,18/10/2015,6978,0.0,0.0,12.2,3.3,8.2,4.7,6,,
291,19/10/2015,9074,0.0,0.0,13.3,2.8,7.8,3.0,0,,
292,20/10/2015,10036,0.0,0.0,20.0,6.7,11.4,2.9,1,,
293,21/10/2015,10678,0.0,0.0,22.8,8.9,14.4,2.1,2,,
294,22/10/2015,11287,0.0,0.0,24.4,10.0,16.0,2.6,3,,
295,23/10/2015,11470,0.0,0.0,21.1,11.1,17.6,3.5,4,,
296,24/10/2015,9730,0.0,0.0,16.7,8.3,12.5,3.0,5,,
297,25/10/2015,8587,0.8,0.0,21.7,12.2,15.9,4.3,6,,
298,26/10/2015,9973,0.0,0.0,16.1,7.8,12.8,3.1,0,,
299,27/10/2015,9797,0.0,0.0,15.0,6.7,10.6,3.5,1,,
300,28/10/2015,5179,16.5,0.0,21.1,12.8,16.8,5.9,2,,
301,29/10/2015,10632,0.8,0.0,22.8,13.3,19.4,2.9,3,,
302,30/10/2015,9700,0.0,0.0,16.1,7.8,13.3,5.2,4,,
303,31/10/2015,8721,0.0,0.0,16.1,5.6,10.6,2.9,5,,
304,01/11/2015,7211,1.0,0.0,17.8,11.7,14.1,3.8,6,,
305,02/11/2015,9446,0.0,0.0,18.9,10.6,15.4,0.7,0,,
306,03/11/2015,10508,0.0,0.0,22.2,7.8,13.9,0.5,1,,
307,04/11/2015,10822,0.5,0.0,23.9,8.9,15.4,1.0,2,,
308,05/11/2015,10553,3.8,0.0,22.2,14.4,16.9,1.7,3,,
309,06/11/2015,11609,0.0,0.0,26.7,15.6,20.0,4.4,4,,
310,07/11/2015,5610,2.8,0.0,21.7,12.2,17.9,3.2,5,,
311,08/11/2015,8995,0.0,0.0,14.4,6.7,12.1,3.3,6,,
312,09/11/2015,6715,13.5,0.0,11.7,5.0,8.7,2.9,0,,
313,10/11/2015,5773,6.1,0.0,16.1,10.6,12.9,5.1,1,,
314,11/11/2015,8901,0.0,0.0,15.559999999999999,10.6,14.1,4.7,2,,
315,12/11/2015,8476,0.3,0.0,18.9,9.4,12.8,3.0,3,,
316,13/11/2015,9262,0.0,0.0,16.7,9.4,14.9,5.1,4,,
317,14/11/2015,7171,0.06,0.0,12.8,5.0,10.4,5.1,5,,
318,15/11/2015,7441,0.0,0.0,17.8,2.2,8.9,3.4,6,,
319,16/11/2015,9156,0.0,0.0,21.1,5.6,12.7,1.6,0,,
320,17/11/2015,9226,0.0,0.0,16.1,7.8,11.6,3.3,1,,
321,18/11/2015,9768,0.0,0.0,18.3,7.8,12.6,4.0,2,,
322,19/11/2015,6255,16.0,0.0,18.3,15.0,17.2,3.3,3,,
323,20/11/2015,9097,0.0,0.0,15.6,5.6,13.2,5.2,4,,
324,21/11/2015,7299,0.0,0.0,12.8,3.3,8.1,2.6,5,,
325,22/11/2015,4948,0.0,0.0,9.4,2.8,8.5,6.4,6,,
326,23/11/2015,6601,0.0,0.0,5.6,0.0,3.2,4.9,0,,
327,24/11/2015,7500,0.0,0.0,13.3,0.6,5.7,2.9,1,,
328,25/11/2015,6864,0.0,0.0,14.4,2.8,7.6,2.4,2,,
329,26/11/2015,3394,0.0,0.0,17.8,4.4,9.6,1.1,3,,
330,27/11/2015,6240,0.0,0.0,18.3,5.6,10.7,2.4,4,,
331,28/11/2015,6418,0.0,0.0,17.8,9.4,12.6,2.1,5,,
332,29/11/2015,2877,4.3,0.0,15.0,7.2,11.2,4.0,6,,
333,30/11/2015,4160,5.1,0.0,7.2,3.9,5.8,4.6,0,,
334,01/12/2015,3954,21.6,0.0,8.9,6.7,7.8,2.1,1,,
335,02/12/2015,5740,5.6,0.0,15.0,8.9,10.7,2.6,2,,
336,03/12/2015,7969,0.0,0.0,11.7,5.6,9.8,6.1,3,,
337,04/12/2015,7940,0.0,0.0,11.7,2.2,6.8,2.3,4,,
338,05/12/2015,7087,0.0,0.0,12.2,0.6,6.4,1.1,5,,
339,06/12/2015,5979,0.0,0.0,11.1,0.6,5.4,1.3,6,,
340,07/12/2015,7928,0.0,0.0,15.6,2.2,7.9,2.4,0,,
341,08/12/2015,8458,0.0,0.0,13.3,3.3,8.3,1.7,1,,
342,09/12/2015,7982,0.0,0.0,9.4,3.9,6.6,2.2,2,,
343,10/12/2015,8685,0.0,0.0,17.2,5.0,9.4,1.2,3,,
344,11/12/2015,8722,0.0,0.0,18.9,5.6,10.9,1.7,4,,
345,12/12/2015,8720,0.0,0.0,20.0,7.2,12.2,1.5,5,,
346,13/12/2015,8034,0.0,0.0,21.7,8.9,13.5,2.3,6,,
347,14/12/2015,6645,3.3,0.0,20.6,11.7,15.6,5.1,0,,
348,15/12/2015,8804,0.0,0.0,19.4,8.3,16.5,5.5,1,,
349,16/12/2015,8624,0.0,0.0,13.9,5.0,9.8,2.4,2,,
350,17/12/2015,4553,10.7,0.0,12.2,8.3,9.9,1.6,3,,
351,18/12/2015,6698,0.0,0.0,11.1,1.7,8.6,6.1,4,,
352,20/12/2015,4219,0.0,0.0,7.8,0.0,3.7,2.8,6,,
353,21/12/2015,6675,0.0,0.0,14.4,3.3,7.7,5.3,0,,
354,22/12/2015,4934,3.6,0.0,16.7,10.6,12.8,3.5,1,,
355,23/12/2015,2263,42.4,0.0,18.9,12.2,15.2,2.6,2,,
356,24/12/2015,2796,5.1,0.0,21.7,15.6,18.8,4.5,3,,
357,25/12/2015,1502,7.6,0.0,20.6,13.9,17.9,2.1,4,,
358,26/12/2015,2702,0.3,0.0,15.6,10.6,14.3,3.8,5,,
359,27/12/2015,4623,0.5,0.0,21.1,10.6,13.9,5.1,6,,
360,28/12/2015,4459,5.8,0.0,15.6,5.0,10.6,6.3,0,,
361,29/12/2015,5253,12.7,0.0,11.7,6.7,8.2,3.0,1,,
362,30/12/2015,5275,3.8,0.0,12.8,9.4,10.6,2.1,2,,
363,31/12/2015,5855,0.0,0.0,13.9,6.7,11.2,3.8,3,,
364,01/01/2016,3220,0.0,0.0,8.3,2.2,6.7,3.7,4,,
365,02/01/2016,4922,0.0,0.0,8.9,0.0,4.2,2.8,5,,
366,03/01/2016,4964,0.0,0.0,12.2,0.0,4.9,3.5,6,,
367,04/01/2016,5133,0.0,0.0,3.3,-6.0,2.0,7.5,0,,
368,05/01/2016,4850,0.0,0.0,1.1,-8.8,-4.3,4.6,1,,
369,06/01/2016,5712,0.0,0.0,4.4,-6.6,-1.7,1.7,2,,
370,07/01/2016,6592,0.0,0.0,6.1,1.1,3.3,1.2,3,,
371,08/01/2016,6153,0.0,0.0,7.2,4.4,5.1,2.0,4,,
372,09/01/2016,5314,5.8,0.0,10.0,5.0,6.9,2.1,5,,
373,10/01/2016,5663,14.2,0.0,16.7,2.8,12.5,7.6,6,,
374,11/01/2016,6294,0.0,0.0,5.0,-2.1,2.3,4.4,0,,
375,12/01/2016,6490,0.0,0.0,8.3,-2.1,2.1,6.0,1,,
376,13/01/2016,5620,0.0,0.0,0.0,-6.0,-2.0,4.5,2,,
377,14/01/2016,7164,0.0,0.0,11.7,-2.1,1.7,3.4,3,,
378,15/01/2016,5983,8.1,0.0,10.0,1.1,5.9,2.6,4,,
379,16/01/2016,5908,0.3,0.0,11.7,3.3,7.1,4.1,5,,
380,17/01/2016,3400,1.3,8.0,3.3,0.0,2.9,2.9,6,,
381,18/01/2016,2499,0.0,0.0,1.1,-8.8,-3.1,7.9,0,,
382,19/01/2016,3912,0.0,0.0,-2.1,-9.3,-6.9,6.7,1,,
383,20/01/2016,4321,0.8,18.0,-0.5,-7.1,-4.5,3.6,2,,
384,21/01/2016,4228,0.0,0.0,1.1,-4.3,-2.3,5.4,3,,
385,22/01/2016,2985,13.0,165.0,-1.6,-5.5,-3.3,5.2,4,,
386,27/01/2016,528,0.0,0.0,8.9,-0.5,5.7,4.3,2,,
387,28/01/2016,2022,0.0,0.0,4.4,-3.8,0.4,1.8,3,,
388,29/01/2016,2942,0.0,0.0,6.1,-2.1,2.4,5.4,4,,
389,30/01/2016,2822,0.0,0.0,5.6,-4.3,0.8,3.4,5,,
390,31/01/2016,3611,0.0,0.0,13.9,2.2,6.2,4.2,6,,
391,01/02/2016,4604,3.0,0.0,16.1,6.1,10.0,4.0,0,,
392,02/02/2016,6584,0.0,0.0,11.7,2.2,6.7,2.8,1,,
393,03/02/2016,4243,12.7,0.0,13.9,5.0,7.4,3.1,2,,
394,04/02/2016,6691,0.5,0.0,14.4,5.6,11.2,5.9,3,,
395,05/02/2016,5822,1.0,0.0,6.7,0.6,4.8,6.7,4,,
396,06/02/2016,5042,0.0,0.0,6.7,-2.1,2.2,2.7,5,,
397,07/02/2016,4664,0.0,0.0,7.8,-1.0,3.1,3.3,6,,
398,08/02/2016,5994,0.3,0.0,7.8,1.1,4.8,3.8,0,,
399,09/02/2016,4053,5.6,0.0,4.4,0.0,3.3,3.4,1,,
400,10/02/2016,5493,0.0,0.0,3.9,-3.2,0.9,5.8,2,,
401,11/02/2016,4246,0.0,0.0,-1.0,-6.0,-3.3,6.3,3,,
402,12/02/2016,4363,0.0,0.0,-0.5,-7.1,-4.3,2.9,4,,
403,13/02/2016,1535,0.0,3.0,-2.1,-9.3,-4.3,8.2,5,,
404,14/02/2016,1851,0.3,5.0,-3.2,-10.5,-7.8,3.8,6,,
405,15/02/2016,501,11.9,71.0,-0.5,-6.6,-4.6,2.6,0,,
406,16/02/2016,3238,17.5,0.0,11.7,-1.0,4.5,4.5,1,,
407,17/02/2016,6097,0.0,0.0,9.4,-0.5,4.8,3.5,2,,
408,18/02/2016,5822,0.0,0.0,4.4,-1.0,2.6,5.1,3,,
409,19/02/2016,5633,0.0,0.0,5.6,-3.2,0.5,3.7,4,,
410,20/02/2016,8245,0.0,0.0,18.3,4.4,8.2,5.0,5,,
411,21/02/2016,4254,2.3,0.0,13.9,7.2,10.4,3.1,6,,
412,22/02/2016,7148,0.0,0.0,11.7,5.0,8.8,3.1,0,,
413,23/02/2016,2585,13.2,0.0,7.2,4.4,6.3,4.7,1,,
414,24/02/2016,3279,27.9,0.0,18.3,5.6,8.8,4.7,2,,
415,25/02/2016,6330,0.0,0.0,15.6,4.4,10.9,7.7,3,,
416,26/02/2016,5345,0.0,0.0,4.4,-0.5,3.8,7.2,4,,
417,27/02/2016,5432,0.0,0.0,8.3,-2.7,2.2,3.2,5,,
418,28/02/2016,8732,0.0,0.0,18.3,0.6,7.3,5.0,6,,
419,29/02/2016,7828,0.0,0.0,18.3,-1096.7,14.1,5.1,0,,
420,01/03/2016,8588,0.0,0.0,18.3,4.4,11.2,4.0,1,,
421,02/03/2016,5918,2.5,0.0,15.6,-0.5,9.1,8.4,2,,
422,03/03/2016,5902,0.5,0.0,5.0,-1.6,1.4,3.1,3,,
423,04/03/2016,5345,1.3,8.0,5.6,0.0,2.2,5.5,4,,
424,05/03/2016,5334,0.0,0.0,7.2,1.7,4.0,3.3,5,,
425,06/03/2016,5899,0.0,0.0,11.1,2.8,5.4,1.9,6,,
426,07/03/2016,9003,0.0,0.0,18.9,2.2,8.3,4.8,0,,
427,08/03/2016,10558,0.0,0.0,26.1,7.8,14.9,2.2,1,,
428,09/03/2016,11214,0.0,0.0,26.1,8.3,16.3,3.1,2,,
429,10/03/2016,10954,0.0,0.0,26.1,13.9,18.7,5.1,3,,
430,11/03/2016,11220,0.0,0.0,22.8,13.9,20.2,4.1,4,,
431,12/03/2016,10427,0.0,0.0,15.6,10.0,13.6,2.1,5,,
432,13/03/2016,5194,6.6,0.0,15.6,9.4,12.9,3.6,6,,
433,14/03/2016,7671,4.8,0.0,11.7,8.3,10.3,4.8,0,,
434,15/03/2016,8558,0.8,0.0,18.3,8.3,10.9,2.4,1,,
435,16/03/2016,13356,0.3,0.0,23.3,9.4,15.4,2.0,2,,
436,17/03/2016,10673,0.0,0.0,20.6,9.4,14.8,3.9,3,,
437,18/03/2016,11429,0.0,0.0,19.4,8.9,14.6,4.7,4,,
438,19/03/2016,3227,3.3,0.0,13.9,3.3,9.0,5.0,5,,
439,20/03/2016,4532,0.0,0.0,6.7,2.8,4.4,4.3,6,,
440,21/03/2016,7580,0.0,0.0,11.7,2.8,6.1,5.0,0,,
441,22/03/2016,9763,0.0,0.0,16.7,1.7,8.3,4.6,1,,
442,23/03/2016,12340,0.0,0.0,23.9,11.7,15.9,5.3,2,,
443,24/03/2016,13363,0.0,0.0,25.0,10.0,17.3,5.2,3,,
444,25/03/2016,12212,0.8,0.0,22.2,9.4,19.1,6.8,4,,
445,26/03/2016,14116,0.0,0.0,16.7,5.0,10.4,3.3,5,,
446,27/03/2016,8564,0.5,0.0,13.9,8.9,11.8,3.2,6,,
447,28/03/2016,8430,8.1,0.0,21.1,9.4,12.7,5.8,0,,
448,29/03/2016,10221,0.0,0.0,15.6,7.8,12.3,6.8,1,,
449,30/03/2016,10873,0.0,0.0,17.2,5.0,10.9,4.3,2,,
450,31/03/2016,11029,0.0,0.0,23.3,12.2,16.4,7.8,3,,
451,01/04/2016,10875,1.3,0.0,28.3,17.8,21.6,6.3,4,,
452,02/04/2016,9281,2.5,0.0,18.9,7.2,16.1,5.5,5,,
453,03/04/2016,6800,0.0,0.0,12.2,2.8,7.8,6.8,6,,
454,04/04/2016,207398,1.8,0.0,23.3,3.9,13.8,7.0,0,,
455,05/04/2016,7512,0.0,0.0,7.8,-1.0,5.0,6.6,1,,
456,06/04/2016,9068,0.0,0.0,13.9,0.0,6.5,5.8,2,,
457,07/04/2016,5433,17.8,0.0,18.3,8.9,13.0,5.0,3,,
458,08/04/2016,9529,0.0,0.0,12.2,6.1,9.2,5.0,4,,
459,09/04/2016,4069,4.3,0.0,10.0,1.1,6.8,6.7,5,,
460,10/04/2016,7421,0.0,0.0,11.1,-0.5,4.2,4.3,6,,
461,11/04/2016,9456,0.3,0.0,22.8,8.3,12.8,7.4,0,,
462,12/04/2016,8583,1.3,0.0,20.0,8.9,17.4,7.1,1,,
463,13/04/2016,10131,0.0,0.0,15.0,6.1,10.6,2.8,2,,
464,14/04/2016,10523,0.0,0.0,17.8,4.4,11.2,2.2,3,,
465,15/04/2016,11395,0.0,0.0,17.8,5.6,12.2,2.0,4,,
466,16/04/2016,13505,0.0,0.0,22.2,7.2,14.1,2.8,5,,
467,17/04/2016,12367,0.0,0.0,23.3,8.3,14.8,1.6,6,,
468,18/04/2016,11882,0.0,0.0,29.4,10.6,19.6,2.1,0,,
469,19/04/2016,11927,0.0,0.0,28.9,13.3,21.2,4.7,1,,
470,20/04/2016,11650,0.0,0.0,21.7,10.0,16.8,3.6,2,,
471,21/04/2016,11447,0.0,0.0,24.4,9.4,15.9,4.7,3,,
472,22/04/2016,11093,0.0,0.0,24.4,17.8,20.3,4.8,4,,
473,23/04/2016,8487,6.6,0.0,21.7,12.8,18.2,5.6,5,,
474,24/04/2016,11948,0.0,0.0,19.4,7.8,14.6,3.7,6,,
475,25/04/2016,11694,0.0,0.0,25.6,10.6,16.7,3.5,0,,
476,26/04/2016,11718,0.0,0.0,30.0,18.3,23.3,5.1,1,,
477,27/04/2016,8360,0.8,0.0,21.7,11.7,16.9,3.5,2,,
478,28/04/2016,5195,14.7,0.0,13.3,8.9,12.2,3.7,3,,
479,29/04/2016,8258,0.3,0.0,13.3,8.9,10.2,3.3,4,,
480,30/04/2016,8511,0.5,0.0,14.4,10.6,12.1,2.7,5,,
481,01/05/2016,4376,12.2,0.0,15.0,11.1,12.7,3.1,6,,
482,02/05/2016,8139,31.5,0.0,25.0,12.8,16.1,2.5,0,,
483,03/05/2016,8132,4.3,0.0,22.8,14.4,18.7,3.3,1,,
484,04/05/2016,9625,0.8,0.0,15.6,11.7,14.2,4.1,2,,
485,05/05/2016,8726,0.5,0.0,14.4,10.6,11.9,4.9,3,,
486,06/05/2016,3102,20.1,0.0,12.8,10.6,12.2,3.9,4,,
487,07/05/2016,9225,3.6,0.0,19.4,10.0,13.3,3.0,5,,
488,08/05/2016,10803,1.0,0.0,22.2,12.2,16.9,4.5,6,,
489,09/05/2016,9164,1.5,0.0,17.8,10.0,14.5,2.5,0,,
490,10/05/2016,10242,0.3,0.0,18.3,13.3,15.8,3.1,1,,
491,11/05/2016,7669,10.4,0.0,16.1,12.2,13.8,2.2,2,,
492,12/05/2016,10805,0.0,0.0,18.9,14.4,15.9,2.1,3,,
493,13/05/2016,10106,2.0,0.0,25.6,15.0,19.1,3.5,4,,
494,14/05/2016,9389,3.3,0.0,24.4,11.1,17.9,4.5,5,,
495,15/05/2016,8507,0.0,0.0,16.7,8.9,12.9,5.8,6,,
496,16/05/2016,11357,0.0,0.0,19.4,7.2,12.9,3.8,0,,
497,17/05/2016,5374,10.4,0.0,15.0,12.2,13.9,1.9,1,,
498,18/05/2016,10583,0.0,0.0,18.9,12.2,14.7,2.9,2,,
499,19/05/2016,11720,0.3,0.0,21.1,13.3,16.4,2.5,3,,
500,20/05/2016,13860,0.0,0.0,24.4,11.7,18.2,2.4,4,,
501,21/05/2016,4432,16.5,0.0,17.2,12.8,15.7,4.7,5,,
502,22/05/2016,2851,9.4,0.0,14.4,12.2,13.1,4.3,6,,
503,23/05/2016,8048,4.6,0.0,23.9,13.9,16.6,3.1,0,,
504,24/05/2016,13235,0.0,0.0,28.3,13.9,20.5,4.0,1,,
505,25/05/2016,12786,0.0,0.0,30.0,15.6,23.0,2.2,2,,
506,26/05/2016,12188,0.0,0.0,31.1,17.2,23.1,3.5,3,,
507,27/05/2016,12139,0.0,0.0,31.1,20.6,25.4,3.8,4,,
508,28/05/2016,11560,0.0,0.0,30.6,21.1,25.5,4.3,5,,
509,29/05/2016,9069,10.9,0.0,28.3,18.9,23.7,2.7,6,,
510,30/05/2016,9930,0.0,0.0,26.7,20.0,22.7,2.6,0,,
511,31/05/2016,11578,0.0,0.0,30.6,21.1,24.7,1.7,1,,
512,01/06/2016,12355,0.0,0.0,30.6,20.6,25.4,2.6,2,,
513,02/06/2016,12366,0.0,0.0,27.8,20.0,23.4,2.2,3,,
514,03/06/2016,8517,8.1,0.0,27.2,22.2,23.7,2.7,4,,
515,04/06/2016,11991,0.0,0.0,27.8,21.1,23.8,3.4,5,,
516,05/06/2016,9378,4.1,0.0,29.4,21.1,24.7,4.7,6,,
517,06/06/2016,12468,0.0,0.0,30.6,20.6,24.7,3.8,0,,
518,07/06/2016,13271,0.0,0.0,30.6,18.3,25.4,4.3,1,,
519,08/06/2016,13586,0.0,0.0,23.3,16.7,20.9,6.3,2,,
520,09/06/2016,13423,0.0,0.0,27.8,11.7,20.3,4.3,3,,
521,10/06/2016,13730,0.0,0.0,27.8,17.2,22.8,4.4,4,,
522,11/06/2016,11993,0.0,0.0,35.6,18.9,25.7,4.4,5,,
523,12/06/2016,11023,0.0,0.0,33.9,21.1,29.4,6.4,6,,
524,13/06/2016,13161,0.0,0.0,27.2,17.8,22.7,4.9,0,,
525,14/06/2016,13949,0.0,0.0,27.2,19.4,24.1,3.9,1,,
526,15/06/2016,12954,0.0,0.0,28.3,18.9,22.8,3.0,2,,
527,16/06/2016,11056,11.7,0.0,31.7,20.0,25.2,3.8,3,,
528,17/06/2016,13290,0.0,0.0,27.8,18.9,22.6,4.6,4,,
529,18/06/2016,13550,0.0,0.0,29.4,18.9,24.1,3.0,5,,
530,19/06/2016,11830,0.0,0.0,32.2,18.3,24.8,3.2,6,,
531,20/06/2016,12912,0.0,0.0,32.8,20.0,26.3,3.4,0,,
532,21/06/2016,9513,25.1,0.0,32.8,22.2,26.7,3.5,1,,
533,22/06/2016,13902,0.0,0.0,30.0,20.6,24.9,3.6,2,,
534,23/06/2016,9435,13.5,0.0,27.8,21.1,24.2,3.0,3,,
535,24/06/2016,12405,0.0,0.0,30.0,21.7,25.4,3.5,4,,
536,25/06/2016,13600,0.0,0.0,29.4,22.2,24.9,3.5,5,,
537,26/06/2016,12356,0.0,0.0,30.0,18.9,24.9,2.3,6,,
538,27/06/2016,11922,8.9,0.0,30.6,20.0,24.7,4.5,0,,
539,28/06/2016,11064,22.1,0.0,30.6,20.6,25.9,3.0,1,,
540,29/06/2016,13778,0.0,0.0,27.8,20.0,23.7,4.7,2,,
541,30/06/2016,13318,0.0,0.0,28.9,18.3,23.7,2.8,3,,
542,01/07/2016,12405,6.1,0.0,31.1,21.7,25.8,3.2,4,,
543,02/07/2016,14072,0.0,0.0,26.7,21.1,24.3,4.3,5,,
544,03/07/2016,13036,1.8,0.0,23.3,17.8,21.7,2.1,6,,
545,04/07/2016,7600,7.9,0.0,23.3,20.0,21.3,4.1,0,,
546,05/07/2016,11970,6.9,0.0,32.8,23.3,26.6,3.6,1,,
547,06/07/2016,12448,0.0,0.0,34.4,25.0,29.1,2.2,2,,
548,07/07/2016,12218,0.0,0.0,33.9,25.0,29.4,3.7,3,,
549,08/07/2016,11581,0.8,0.0,32.8,25.0,28.8,3.2,4,,
550,09/07/2016,12198,4.6,0.0,33.9,25.6,28.4,3.8,5,,
551,10/07/2016,11981,0.0,0.0,30.0,23.3,26.9,4.0,6,,
552,11/07/2016,12710,0.0,0.0,31.1,21.1,26.4,2.6,0,,
553,12/07/2016,13168,0.0,0.0,30.6,22.8,26.3,3.6,1,,
554,13/07/2016,12520,0.0,0.0,32.2,23.9,27.4,3.0,2,,
555,14/07/2016,12086,0.0,0.0,36.7,23.9,29.5,4.5,3,,
556,15/07/2016,12613,0.0,0.0,34.4,24.4,29.7,3.5,4,,
557,16/07/2016,13837,10.9,0.0,33.9,22.2,28.4,3.0,5,,
558,17/07/2016,15526,0.0,0.0,33.9,21.7,26.2,3.1,6,,
559,18/07/2016,9729,11.2,0.0,35.0,22.8,28.4,3.8,0,,
560,19/07/2016,12325,11.7,0.0,33.3,21.1,27.1,3.3,1,,
561,20/07/2016,13300,0.0,0.0,31.7,21.1,25.9,2.6,2,,
562,21/07/2016,12862,0.0,0.0,32.2,21.7,26.9,3.1,3,,
563,22/07/2016,12105,0.0,0.0,35.0,23.3,28.3,3.6,4,,
564,23/07/2016,10261,0.0,0.0,36.7,26.1,31.2,3.8,5,,
565,24/07/2016,9615,0.0,0.0,36.1,26.7,31.5,3.1,6,,
566,25/07/2016,10275,0.0,0.0,37.8,27.2,31.8,3.8,0,,
567,26/07/2016,11150,0.0,0.0,36.7,26.7,31.1,2.9,1,,
568,27/07/2016,11564,0.0,0.0,36.1,27.2,30.9,2.9,2,,
569,28/07/2016,9364,6.9,0.0,35.0,25.0,29.9,3.1,3,,
570,29/07/2016,12148,2.5,0.0,33.3,23.9,27.2,3.4,4,,
571,30/07/2016,8930,8.4,0.0,32.2,23.3,28.1,3.7,5,,
572,31/07/2016,10838,0.0,0.0,33.3,23.9,26.9,2.3,6,,
573,01/08/2016,11948,0.0,0.0,33.9,24.4,28.4,2.9,0,,
574,02/08/2016,13369,0.0,0.0,32.8,23.9,27.7,3.4,1,,
575,03/08/2016,13587,0.0,0.0,28.3,22.2,25.3,3.1,2,,
576,04/08/2016,13555,0.0,0.0,30.0,21.1,25.3,3.0,3,,
577,05/08/2016,13186,0.0,0.0,29.4,22.8,25.3,3.7,4,,
578,06/08/2016,11340,1.5,0.0,34.4,23.9,27.2,3.6,5,,
579,07/08/2016,11962,0.0,0.0,33.3,21.7,27.7,3.2,6,,
580,08/08/2016,11926,0.0,0.0,33.3,21.1,26.6,2.9,0,,
581,09/08/2016,12424,0.0,0.0,27.2,20.0,23.7,1.9,1,,
582,10/08/2016,12258,0.0,0.0,35.0,25.0,28.6,4.9,2,,
583,11/08/2016,11466,0.0,0.0,36.1,25.6,30.4,4.8,3,,
584,12/08/2016,10853,0.0,0.0,37.2,27.2,31.2,5.0,4,,
585,13/08/2016,8717,0.0,0.0,38.3,27.2,31.8,5.1,5,,
586,14/08/2016,7708,0.0,0.0,37.8,26.7,32.8,3.9,6,,
587,15/08/2016,9240,29.5,0.0,37.8,22.8,29.9,3.1,0,,
588,16/08/2016,11316,0.0,0.0,36.1,23.9,27.9,4.3,1,,
589,17/08/2016,10988,22.4,0.0,35.0,22.2,30.7,3.4,2,,
590,18/08/2016,11821,0.0,0.0,33.3,23.3,27.5,3.4,3,,
591,19/08/2016,11915,0.0,0.0,33.3,23.3,28.6,2.3,4,,
592,20/08/2016,11534,0.0,0.0,32.8,23.9,28.3,2.8,5,,
593,21/08/2016,7252,17.5,0.0,32.8,23.3,26.8,4.4,6,,
594,22/08/2016,12349,0.0,0.0,29.4,20.6,25.3,4.1,0,,
595,23/08/2016,13042,0.0,0.0,28.9,19.4,24.6,2.6,1,,
596,24/08/2016,12753,0.0,0.0,30.0,19.4,24.7,3.9,2,,
597,25/08/2016,12524,0.0,0.0,31.7,21.7,25.9,4.4,3,,
598,26/08/2016,11296,0.0,0.0,35.0,25.0,29.7,3.3,4,,
599,27/08/2016,11197,0.0,0.0,33.3,25.0,29.8,3.2,5,,
600,28/08/2016,10528,0.0,0.0,32.2,23.3,27.5,2.3,6,,
601,29/08/2016,11429,0.0,0.0,34.4,22.2,27.6,2.5,0,,
602,30/08/2016,12214,0.0,0.0,32.8,23.9,28.3,2.8,1,,
603,31/08/2016,11609,0.0,0.0,32.8,22.8,27.4,3.2,2,,
604,01/09/2016,9990,0.8,0.0,28.3,22.2,25.9,3.6,3,,
605,02/09/2016,12709,0.0,0.0,27.2,19.4,23.9,4.7,4,,
606,03/09/2016,11019,0.0,0.0,27.8,21.1,23.8,6.7,5,,
607,04/09/2016,12784,0.0,0.0,28.3,20.0,23.9,3.6,6,,
608,05/09/2016,11211,0.0,0.0,31.1,18.3,24.2,2.5,0,,
609,06/09/2016,11749,0.0,0.0,34.4,21.7,27.4,5.2,1,,
610,07/09/2016,11027,0.5,0.0,34.4,22.8,28.1,2.7,2,,
611,08/09/2016,11468,0.0,0.0,36.7,23.9,28.6,3.7,3,,
612,09/09/2016,11409,0.0,0.0,35.6,25.6,30.1,3.2,4,,
613,10/09/2016,10372,0.0,0.0,35.0,25.0,29.4,4.7,5,,
614,11/09/2016,11573,0.0,0.0,30.0,21.1,27.9,4.9,6,,
615,12/09/2016,12307,0.0,0.0,30.0,18.9,24.1,3.5,0,,
616,13/09/2016,12802,0.0,0.0,31.7,20.6,25.3,4.6,1,,
617,14/09/2016,12520,0.0,0.0,35.0,20.6,27.0,3.0,2,,
618,15/09/2016,13265,0.0,0.0,25.0,19.4,24.1,4.2,3,,
619,16/09/2016,13205,0.0,0.0,26.1,18.9,21.8,3.0,4,,
620,17/09/2016,12895,0.0,0.0,28.3,20.0,23.5,3.7,5,,
621,18/09/2016,11338,0.0,0.0,31.7,21.7,25.5,4.1,6,,
622,19/09/2016,8459,11.7,0.0,25.6,22.8,24.8,3.0,0,,
623,20/09/2016,12625,0.0,0.0,26.7,21.7,23.6,3.8,1,,
624,21/09/2016,12486,0.0,0.0,27.8,22.8,24.9,3.5,2,,
625,22/09/2016,12725,0.0,0.0,30.6,20.0,25.1,3.1,3,,
626,23/09/2016,13336,0.0,0.0,32.2,18.9,24.6,2.2,4,,
627,24/09/2016,13092,0.0,0.0,25.0,18.3,23.2,3.8,5,,
628,25/09/2016,11943,0.0,0.0,23.9,15.0,19.3,2.8,6,,
629,26/09/2016,11451,3.0,0.0,21.7,17.8,19.7,4.4,0,,
630,27/09/2016,12351,10.9,0.0,25.0,18.3,20.7,2.4,1,,
631,28/09/2016,7723,7.9,0.0,21.7,17.8,19.5,4.4,2,,
632,29/09/2016,5886,25.9,0.0,21.1,18.3,20.8,7.0,3,,
633,30/09/2016,8526,2.8,0.0,18.9,16.7,18.0,6.6,4,,
634,01/10/2016,6629,5.8,0.0,19.4,17.2,18.3,3.8,5,,
635,02/10/2016,10444,0.5,0.0,24.4,18.3,19.9,1.6,6,,
636,03/10/2016,12301,0.0,0.0,25.6,17.2,21.3,3.0,0,,
637,04/10/2016,12794,0.0,0.0,24.4,15.0,18.9,4.3,1,,
638,05/10/2016,12590,0.0,0.0,22.2,14.4,17.9,3.7,2,,
639,06/10/2016,12362,0.0,0.0,21.1,15.6,18.1,3.0,3,,
640,07/10/2016,13195,0.0,0.0,23.3,16.7,19.1,3.3,4,,
641,08/10/2016,5125,6.4,0.0,19.4,18.3,19.2,4.2,5,,
642,09/10/2016,10026,2.3,0.0,20.6,12.2,17.3,8.9,6,,
643,10/10/2016,10415,0.0,0.0,18.9,9.4,14.2,4.8,0,,
644,11/10/2016,11529,0.0,0.0,20.0,7.8,13.5,1.7,1,,
645,12/10/2016,11797,0.0,0.0,21.1,10.0,15.1,1.7,2,,
646,13/10/2016,12239,0.0,0.0,22.8,12.2,16.4,3.8,3,,
647,14/10/2016,12471,0.0,0.0,19.4,9.4,14.6,2.2,4,,
648,15/10/2016,12319,0.0,0.0,20.6,10.0,14.8,2.2,5,,
649,16/10/2016,11253,0.0,0.0,22.8,11.7,16.2,3.1,6,,
650,17/10/2016,11905,0.0,0.0,27.8,15.0,20.1,3.0,0,,
651,18/10/2016,12986,0.0,0.0,27.8,17.2,21.1,3.8,1,,
652,19/10/2016,12922,0.0,0.0,30.6,18.3,23.3,2.2,2,,
653,20/10/2016,13019,0.5,0.0,29.4,20.0,23.8,3.7,3,,
654,21/10/2016,10585,6.6,0.0,26.1,14.4,21.1,5.8,4,,
655,22/10/2016,8904,0.0,0.0,16.1,10.6,14.0,8.5,5,,
656,23/10/2016,9605,0.0,0.0,20.6,7.2,13.2,4.6,6,,
657,24/10/2016,10800,0.0,0.0,21.7,10.6,16.3,5.1,0,,
658,25/10/2016,11181,0.0,0.0,17.8,8.3,13.1,5.0,1,,
659,26/10/2016,10697,0.0,0.0,14.4,5.0,10.4,2.1,2,,
660,27/10/2016,9280,0.8,0.0,17.2,10.0,12.9,3.3,3,,
661,28/10/2016,10627,0.0,0.0,17.2,8.3,14.4,5.6,4,,
662,29/10/2016,11615,0.0,0.0,23.9,6.7,13.9,3.8,5,,
663,30/10/2016,10902,0.0,0.0,26.7,14.4,18.8,4.1,6,,
664,31/10/2016,10726,0.0,0.0,16.7,8.9,15.1,3.8,0,,
665,01/11/2016,11369,0.0,0.0,16.1,8.9,12.1,2.6,1,,
666,02/11/2016,12123,0.0,0.0,22.8,11.7,15.8,2.4,2,,
667,03/11/2016,11958,0.0,0.0,28.3,14.4,19.3,4.1,3,,
668,04/11/2016,11980,0.0,0.0,18.3,9.4,16.6,5.1,4,,
669,05/11/2016,11303,0.0,0.0,20.6,6.7,13.1,2.6,5,,
670,06/11/2016,9840,0.0,0.0,21.1,10.0,14.9,4.2,6,,
671,07/11/2016,10155,0.0,0.0,16.1,6.7,11.7,2.6,0,,
672,08/11/2016,12026,0.0,0.0,20.0,5.0,10.9,2.3,1,,
673,09/11/2016,7399,4.8,0.0,18.9,10.6,14.2,4.6,2,,
674,10/11/2016,10251,0.0,0.0,17.2,6.7,11.8,5.0,3,,
675,11/11/2016,9848,0.0,0.0,19.4,7.8,13.2,5.9,4,,
676,12/11/2016,8327,0.96,0.0,11.7,2.8,8.7,3.6,5,,
677,13/11/2016,8155,0.0,0.0,17.8,0.6,7.6,2.4,6,,
678,14/11/2016,9210,0.0,0.0,13.3,2.2,8.4,1.7,0,,
679,15/11/2016,10395,0.0,0.0,18.9,9.4,12.6,3.0,1,,
680,16/11/2016,10046,0.5,0.0,19.4,5.0,11.5,3.0,2,,
681,17/11/2016,10495,0.0,0.0,17.2,6.7,12.1,2.9,3,,
682,18/11/2016,11253,0.0,0.0,21.1,5.0,12.1,1.7,4,,
683,19/11/2016,8247,1.3,0.0,22.2,5.6,12.3,4.5,5,,
684,20/11/2016,3826,0.0,0.0,8.3,2.8,5.8,8.9,6,,
685,21/11/2016,6826,0.0,0.0,8.3,2.2,4.2,5.7,0,,
686,22/11/2016,7626,0.0,0.0,10.6,1.1,4.8,4.5,1,,
687,23/11/2016,6903,0.0,0.0,10.6,0.0,5.8,1.4,2,,
688,24/11/2016,3328,0.0,0.0,13.9,6.1,9.4,1.0,3,,
689,25/11/2016,5831,0.0,0.0,14.4,6.7,9.8,1.6,4,,
690,26/11/2016,4991,0.0,0.0,11.1,5.6,9.2,5.6,5,,
691,27/11/2016,4867,0.0,0.0,12.2,3.9,7.5,2.6,6,,
692,28/11/2016,8027,0.0,0.0,12.2,1.7,6.4,2.9,0,,
693,29/11/2016,6331,3.0,0.0,17.2,8.9,11.9,2.2,1,,
694,30/11/2016,6170,9.7,0.0,20.6,11.1,15.5,2.7,2,,
695,01/12/2016,9131,3.6,0.0,17.2,8.3,13.8,5.2,3,,
696,02/12/2016,8411,0.0,0.0,12.8,6.7,9.0,5.7,4,,
697,03/12/2016,6209,0.0,0.0,10.6,5.6,7.8,6.0,5,,
698,04/12/2016,5264,1.3,0.0,8.3,3.3,5.9,3.3,6,,
699,05/12/2016,8210,4.6,0.0,13.9,4.4,7.8,3.8,0,,
700,06/12/2016,3893,26.2,0.0,7.8,5.6,7.0,4.4,1,,
701,07/12/2016,8655,0.0,0.0,11.1,2.8,7.9,3.3,2,,
702,08/12/2016,7993,0.0,0.0,8.9,1.1,6.2,3.9,3,,
703,09/12/2016,6419,0.0,0.0,5.0,-1.0,1.9,6.0,4,,
704,10/12/2016,4202,0.0,0.0,3.9,-3.2,0.7,4.4,5,,
705,11/12/2016,3815,0.0,0.0,6.1,-1.6,0.7,3.2,6,,
706,12/12/2016,7037,4.1,0.0,13.3,5.0,7.1,4.5,0,,
707,13/12/2016,7743,0.0,0.0,8.3,4.4,6.6,2.4,1,,
708,14/12/2016,7610,0.0,0.0,9.4,2.8,5.7,3.4,2,,
709,15/12/2016,4556,0.0,0.0,4.4,-7.7,0.2,7.6,3,,
710,16/12/2016,4517,0.0,0.0,-1.0,-8.2,-5.9,3.4,4,,
711,17/12/2016,2319,6.6,0.0,10.0,-2.1,-0.1,3.7,5,,
712,18/12/2016,3313,0.3,0.0,19.4,2.2,10.2,7.5,6,,
713,19/12/2016,6328,0.0,0.0,3.9,-0.5,1.8,4.3,0,,
714,20/12/2016,6106,0.0,0.0,2.8,-3.2,-0.3,2.3,1,,
715,21/12/2016,6587,0.0,0.0,8.9,-2.7,2.7,2.2,2,,
716,22/12/2016,6187,0.0,0.0,15.6,1.7,6.7,4.6,3,,
717,23/12/2016,4209,0.0,0.0,8.9,-0.5,4.3,2.6,4,,
718,24/12/2016,1372,13.7,0.0,8.9,2.2,5.9,-2.7,5,,
719,25/12/2016,2155,0.0,0.0,10.6,1.7,5.9,1.7,6,,
720,26/12/2016,2361,0.0,0.0,9.4,2.8,5.4,2.7,0,,
721,27/12/2016,5803,0.0,0.0,20.0,9.4,13.1,5.3,1,,
722,28/12/2016,6396,0.0,0.0,11.1,2.8,9.2,3.5,2,,
723,29/12/2016,4254,6.1,0.0,11.1,1.7,5.7,3.6,3,,
724,30/12/2016,4447,0.0,0.0,6.7,0.0,4.3,5.1,4,,
725,31/12/2016,3217,0.0,0.0,9.4,-2.1,2.9,5.8,5,,
